<?xml version="1.0" encoding="utf-8" ?>
<application>
        <files>
                <file name="astorm"     url="astorm.swf"     type="swf" />
                <file name="font"       url="font.swf"       type="swf" />
                <file name="background" url="storm.jpg"      type="swf" />
		<file name="text"	url="text.txt"	     type="text" />
		<file name="animation"  url="textAnim.swf"   type="binary" />
        </files>
        <dependencies>
		<dependency name="astorm">
			<file name="font" />
			<file name="background" />
			<file name="animation" />
		</dependency>
		<dependency name="animation">
			<file name="text" />
		</dependency>
	</dependencies>
</application>