<?xml version="1.0" encoding="utf-8" ?>
<application>
	<files>
		<file name="fonts" 	url="swf/fonts.swf" 		global="true" 	type="swf" 		/>
		<file name="menu"  	url="swf/menu.swf"  		global="true" 	type="binary"  		/>
		<file name="menuData" 	url="data/menu.xml" 							/>
		<file name="menuMotion" url="data/menuMotion.xml" 						/>
		<file name="page1" 	url="swf/pages/page1.swf" 						/>
		<file name="page2" 	url="swf/pages/page2.swf" 						/>
		<file name="page3" 	url="swf/pages/page3.swf" 						/>
		<file name="fontsTexte" url="swf/pages/fontsTexte.swf" 			type="swf" 		/>
		<file name="page1Texte" url="data/texte_page1.txt" 			type="variables" 	/>
		<file name="logoAdobe" 	url="data/adobe.png" 				type="swf" 		/>
		<file name="texteAdobe" url="data/titreAdobe.txt" 			type="text" 		/>
	</files>
	<dependencies>
		<file name="menu">
			<file name="menuMotion" />
			<file name="menuData" />
		</file>
		<file name="page1">
			<file name="fontsTexte" />
			<file name="page1Texte" />
		</file>
		<file name="page2">
			<file name="fontsTexte" />
			<file name="logoAdobe" />
			<file name="texteAdobe" />
		</file>
	</dependencies>
</application>